headline,link,source_url
Price defiant as Ley axes senator from frontbench,https://www.theaustralian.com.au/nation/politics/jacinta-nampijinpa-price-defiant-as-sussan-ley-axes-senator-from-frontbench/news-story/e20ae9a6e6bda1d9b6cad818cdbc4f96,https://www.theaustralian.com.au/
"Mud-slinging may stick, but for now Ley is in charge",https://www.theaustralian.com.au/commentary/mudslinging-may-stick-but-for-now-sussan-ley-is-in-charge/news-story/8d5761c615eabba19daaac286d5af8fb,https://www.theaustralian.com.au/
"Higgins’ $2.4m compo payout ‘not available’, lawyer told Reynolds",https://www.theaustralian.com.au/nation/brittany-higgins-24m-compo-payout-will-never-be-available-to-reynolds-lawyer/news-story/ede83ba89471446e6bcd238d1588e529,https://www.theaustralian.com.au/
AFL chair plot puts McLachlan in frame,https://www.theaustralian.com.au/sport/afl/afl-chair-plot-puts-gillon-mclachlan-in-frame-for-top-board-role/news-story/1bd05f3f4a9f1ca94cf16ea83521c06a,https://www.theaustralian.com.au/
"Liberal director ridiculed women, MP ‘with dementia’ in leaked texts",https://www.theaustralian.com.au/nation/politics/victorian-liberal-directors-jokes-about-womens-council-and-mp-with-dementia-in-leaked-text-messages/news-story/4a994ebe0b15a9cd488a16907c6bd09b,https://www.theaustralian.com.au/
Deadly floods inundate Bali,https://www.theaustralian.com.au/world/at-least-11-dead-13-missing-as-flash-flooding-tears-through-bali-east-nusa-tenggara/news-story/c5605183e730b3a1593d49989b1780fb,https://www.theaustralian.com.au/
Biden was ‘reckless’ to run again: Harris,https://www.theaustralian.com.au/world/kamala-harris-says-it-was-reckless-to-let-joe-biden-run-again/news-story/0aef33c9de421a26337f392cee632b2a,https://www.theaustralian.com.au/
Illicit tobacco boss in $36m tax fraud case,https://www.theaustralian.com.au/nation/illicit-tobacco-ringleader-charged-over-363m-tax-fraud-in-melbourne/news-story/a2d71e035451205fc46d6a9e22b24dff,https://www.theaustralian.com.au/
Israel blasts Houthi propaganda HQ,https://www.theaustralian.com.au/world/israel-blasts-houthi-propaganda-headquarters/news-story/6141411d44c7cbc1b33c5d3b7d408b93,https://www.theaustralian.com.au/
"‘We’ll strike you anywhere’, Bibi warns Hamas",https://www.theaustralian.com.au/world/israel-says-it-will-target-hamas-anywhere-as-world-slams-doha-attack/news-story/08a064115e129faa0c13c2f7050b6e5c,https://www.theaustralian.com.au/
$270k legal twist in Dan Andrews ‘bike boy’ saga,https://www.theaustralian.com.au/news/270000-legal-demand-in-dan-andrews-bike-boy-saga/news-story/29ac431a81f099cac21a1a6cb9c7168a,https://www.theaustralian.com.au/
Topp’s Butterfly takes flight with moments of gold,https://www.theaustralian.com.au/arts/stage/modern-butterfly-ballet-shimmers-in-small-moments/news-story/6f9568b7d44f03af0e9edf620b6b7233,https://www.theaustralian.com.au/
Deal of a lifetime: The $10 million global war for Mary Fowler,https://www.theaustralian.com.au/sport/football/the-battle-between-global-sportswear-giants-which-could-earn-mary-fowler-a-recordbreaking-sponsorship-deal/news-story/13b50f041bb08e3880da0180fc6410e8,https://www.theaustralian.com.au/
Israel’s daring strike on Hamas in Qatar was long overdue,https://www.theaustralian.com.au/commentary/israels-daring-air-strike-on-hamas-in-qatar-was-long-overdue/news-story/90632333e20baa375db70e0900477950,https://www.theaustralian.com.au/
Tax and policy logic gone in a puff of illicit smokes,https://www.theaustralian.com.au/commentary/its-bad-policy-but-there-is-no-escape-from-dangerous-tobacco-laws/news-story/8a7216f5c93c9513062e8ffce0d3b1b8,https://www.theaustralian.com.au/
Let’s have the serious talk about migration,https://www.theaustralian.com.au/commentary/well-always-welcome-migrants-who-want-to-join-team-australia/news-story/af1711ddbcc160fa3bb7d23d55b0dc85,https://www.theaustralian.com.au/
Indigenous ‘truth-telling’ education will be anything but an advantage,https://www.theaustralian.com.au/commentary/schooled-in-harsh-narrative-of-strife-and-resentment/news-story/249be936a80d79658e635e704c88ff8b,https://www.theaustralian.com.au/
My family stopped eating ultra-processed foods for a month. The results surprised us,https://www.theaustralian.com.au/health/my-family-went-off-ultraprocessed-foods-for-a-month-the-results-surprised-us/news-story/68a865f722fc3c322d6b0894a137ae0e,https://www.theaustralian.com.au/
ANZ cuts a brutal insight into Nuno Matos’ agenda,https://www.theaustralian.com.au/business/companies/anz-chief-nuno-matos-lives-up-to-his-reputation-with-job-cuts/news-story/c05d3b525715ee2945d7253764b96616,https://www.theaustralian.com.au/
Tim had full-blown cancer at 44. A prostate screen at 40 might have caught it,https://www.theaustralian.com.au/health/medical/tim-hopes-proposed-new-prostate-cancer-guidelines-mean-fewer-men-end-up-like-him/news-story/08e3be29097024166c07a86b450f57ee,https://www.theaustralian.com.au/
Labor unveils new super agency for education,https://www.theaustralian.com.au/nation/jason-clare-to-push-for-merged-education-agency-in-latest-labor-reform/news-story/344f3ccc5bb2f51ec2ea1a94f0acc333,https://www.theaustralian.com.au/
"Gambling kings Craven, Tehrani make $250m Hacksaw play",https://www.theaustralian.com.au/business/companies/billionaire-ed-cravens-250m-hacksaw-play-with-stake-partner-bijan-tehrani/news-story/09e253ef68cebec3e4d3d764c3c808f7,https://www.theaustralian.com.au/
Net-zero bank’s blow for recycler,https://www.theaustralian.com.au/nation/cefc-appoints-receivers-to-rino-recycling/news-story/df373ba39156bf9879caa660896eb52b,https://www.theaustralian.com.au/
Matos unpicks Suncorp Bank vision as sector reels from job cuts,https://www.theaustralian.com.au/business/financial-services/nab-to-cut-hundreds-of-jobs-following-anzs-mass-staff-cuts/news-story/5201211c92c723465392314f204a5055,https://www.theaustralian.com.au/
Curious case of anti-car MP and an unneighbourly power tiff,https://www.theaustralian.com.au/business/margin-call/alex-greenwich-doesnt-like-cars-but-his-garage-is-loaded-with-them-and-they-need-a-bit-of-boost/news-story/ad7a768ab968d7380fa104d271de1e70,https://www.theaustralian.com.au/
Queensland-backed PsiQuantum now a $10bn company after VC blitz,https://www.theaustralian.com.au/business/technology/macquarie-ribbit-capital-and-nvidias-nventures-lead-psiquantum-to-105bn-valuation/news-story/09267e00d602c6addff5165de1a4e593,https://www.theaustralian.com.au/
Bitter row behind billionaire’s purchase of ‘$500m’ MCo Beauty,https://www.theaustralian.com.au/business/legal-affairs/exmco-beauty-finance-chief-sues-company-shelley-sullivan-and-billionaire-dennis-bastas/news-story/665f1c91df3eb5d48f75b413f0dd6c8a,https://www.theaustralian.com.au/
Another blow to Fortescue’s green ambition as rising star steps aside,https://www.theaustralian.com.au/business/companies/fortescue-zeros-chief-steps-aside-in-latest-blow-to-andrew-forrests-green-ambitions/news-story/b5ab82ca76638168aad4dce55c953b9b,https://www.theaustralian.com.au/
Money laundering watchdog drops Entain case claims,https://www.theaustralian.com.au/business/margin-call/entain-claims-dropped-after-austrac-fails-to-read-its-own-money-laundering-guidance/news-story/74d07f56b6694f7820c8549764bd715d,https://www.theaustralian.com.au/
Up $13k in five years: how much it now costs to retire,https://www.theaustralian.com.au/wealth/retirement/new-figures-reveal-rise-in-cost-of-comfortable-retirement-in-australia/news-story/050963ca945a0e09c86a367bba6c556f,https://www.theaustralian.com.au/
Telstra boss calls for overhaul of digital infrastructure rules,https://www.theaustralian.com.au/business/technology/telstra-ceo-calls-for-digital-infrastructure-overhaul-at-national-press-club/news-story/1f9c48f566be9fff49b1f6e5118138f1,https://www.theaustralian.com.au/
Retirement riches await Aussies who head overseas,https://www.theaustralian.com.au/wealth/retirement/retirees-living-like-kings-on-the-age-pension-using-this-littleknown-rule/news-story/e4de61f1030b4b7741560b17635b91a7,https://www.theaustralian.com.au/
Should I buy in an over-55s village?,https://www.theaustralian.com.au/wealth/capital-gains/dollars-sense-should-a-retiree-buy-in-an-over55s-village-or-keep-renting/news-story/beef8d8b1f6656b3999c1657ab33b652,https://www.theaustralian.com.au/
Super giants cave in on rotten pension rule,https://www.theaustralian.com.au/wealth/superannuation/australiansuper-and-hesta-fall-in-behind-cbus-cutting-pension-minimums/news-story/4ee69e0edee3054be265df321ae579c4,https://www.theaustralian.com.au/
To split or scale the bill? Here’s why Gen Z are debating relationship finances on TikTok,https://www.theaustralian.com.au/life/to-split-or-scale-the-bill-heres-why-gen-z-are-having-the-equity-versus-equality-in-relationships-conversation/news-story/3a554adf70062b9f8b865cc25583dc74,https://www.theaustralian.com.au/
The secret to successful rentvesting,https://www.theaustralian.com.au/wealth/rentvesting-gains-momentum-as-savvy-buyers-exploit-property-price-gaps/news-story/27863d362876a90a4cb5d0bf6c2ca230,https://www.theaustralian.com.au/
Nunogeddon is coming for Australian banking,https://www.theaustralian.com.au/nation/nunogeddon-is-coming-for-australian-banking/audio/4a8a890503569df2bc4551812d399568,https://www.theaustralian.com.au/
How your Apple Watch could save your life | WATCH,https://www.theaustralian.com.au/news/apples-biggest-ever-update-to-the-iphone/video/0c6e1b06049c4be0a8d07f3908671063,https://www.theaustralian.com.au/
"Savaged by Higgins mob, when does Fiona Brown get recompense?",https://www.theaustralian.com.au/inquirer/ripped-apart-by-the-brittany-higgins-mob-when-does-fiona-brown-get-her-recompense/news-story/938f2623d80ff5de473f0eeeb01345a6,https://www.theaustralian.com.au/
How sky-high tobacco tax sparked a $5bn black market inferno,https://www.theaustralian.com.au/nation/bad-policy-how-skyhigh-tobacco-taxes-sparked-a-5bn-black-market-inferno/news-story/490cec6f481f04f90015f0978129ac26,https://www.theaustralian.com.au/
Read today’s edition of The Australian,https://todayspaper.theaustralian.com.au/,https://www.theaustralian.com.au/
Telstra not dialled in to Labor’s ambition,https://www.theaustralian.com.au/business/renewable-energy-economy/telstra-not-convinced-on-labors-renewables-target/news-story/3b63d03d4fafacbbc6d01366a5013dd7,https://www.theaustralian.com.au/
Mum questioned again on ‘can’t breathe’ claim,https://www.theaustralian.com.au/nation/mother-questioned-about-i-cant-fking-breathe-testimony/news-story/39feb09de67247ffd17762e21e4817b6,https://www.theaustralian.com.au/
Treaty ‘a road map for others to follow’,https://www.theaustralian.com.au/nation/indigenous/victorias-treaty-a-road-map-for-others-to-follow/news-story/84d55acdf5b448b977e14b1ed7433667,https://www.theaustralian.com.au/
"NSW child safety agency ‘fragile and fractured’, boss sacked",https://www.theaustralian.com.au/nation/nsw-childrens-guardian-sacked-for-inept-misconduct/news-story/709ce98182f1714c4870f1659cc9366b,https://www.theaustralian.com.au/
"Coal will play key role, says Crisafulli",https://www.theaustralian.com.au/nation/coal-necessary-for-energy-transition-crisafulli/news-story/f8aaf7c371d48ca806a80b5320bde8a3,https://www.theaustralian.com.au/
My mates have been brainwashed by the men’s wellness movement,https://www.theaustralian.com.au/health/fitness/help-my-mates-are-health-nuts/news-story/30aaf81d35666688c459143f46634d5c,https://www.theaustralian.com.au/
Richard Scolyer: ‘What we hope for is zero deaths from brain cancer’,https://www.theaustralian.com.au/health/medical/richard-scolyer-predicts-brain-cancer-breakthrough-within-decade/news-story/6046bbcc4c528aecc4570033b60723ea,https://www.theaustralian.com.au/
Autism link to infection offers hope of breakthrough drugs,https://www.theaustralian.com.au/health/medical/immune-system-autism-link-promises-targeted-therapies/news-story/cf6f1ebf0f44315d826155496d9f3fae,https://www.theaustralian.com.au/
"Minister calls out ‘rogue operators’ in cosmetic injectables, urges national reform",https://www.theaustralian.com.au/health/medical/queensland-pushes-for-national-cosmetic-injectables-reform/news-story/7b2071a4a72af169f3ca9878f1e5ed63,https://www.theaustralian.com.au/
Father’s daze: a reminder that time waits for no Daddy Pig,https://www.theaustralian.com.au/health/wellbeing/fathers-daze-that-time-of-year-again-a-reminder-that-time-waits-for-no-daddy-pig/news-story/a6a6fb62953aa1f3db8f572441f5e330,https://www.theaustralian.com.au/
Experts reveal when headaches can signal something sinister,https://www.theaustralian.com.au/health/medical/know-your-headache-symptoms-can-be-vital-to-treatment/news-story/d8a5282d2c80dd405d03be635822bc85,https://www.theaustralian.com.au/
How healthy is your liver? It’s not only about alcohol,https://www.theaustralian.com.au/health/medical/how-healthy-is-your-liver-its-not-only-about-alcohol/news-story/0acf089dfe16043f67560e8b323e0191,https://www.theaustralian.com.au/
"Family, friends and trains keep Michael on track to his happy place",https://www.theaustralian.com.au/health/wellbeing/how-michael-theo-learnt-the-secret-of-happiness-from-trains/news-story/93ff1ab50e30c46a3b3f81e5f6df8f40,https://www.theaustralian.com.au/
"Family, friends and trains keep Michael on track to his happy place",https://www.theaustralian.com.au/health/wellbeing/how-michael-theo-learnt-the-secret-of-happiness-from-trains/news-story/93ff1ab50e30c46a3b3f81e5f6df8f40,https://www.theaustralian.com.au/
"Finding happiness through mindfulness, gratitude and ‘paying it forward’",https://www.theaustralian.com.au/health/wellbeing/yoga-meditation-and-gratitude-journals-how-to-find-happiness-by-being-mindful/news-story/55e0ea13abddeb85554a0d8ab9ff1ef8,https://www.theaustralian.com.au/
"‘I’ve seen war and death, but love has kept me strong’",https://www.theaustralian.com.au/health/wellbeing/soldiering-on-sir-peter-cosgroves-long-march-to-contentment/news-story/3223c9c7da2e4388a4ec08c904d6761c,https://www.theaustralian.com.au/
"The fur, the stink and the friendship: how a top dog makes author Markus Zusak smile",https://www.theaustralian.com.au/health/wellbeing/this-is-happiness-what-makes-author-markus-zusak-smile/news-story/51f71452f84f92f1084ac4e213481dd9,https://www.theaustralian.com.au/
Prince Harry meets with King for first time in 18 months,https://www.theaustralian.com.au/world/prince-harry-meets-with-king-charles-for-first-time-in-18-months/news-story/e86f23806a5e018e381fa5c43edcd8b7,https://www.theaustralian.com.au/
‘We’re already at war’ with China,https://www.theaustralian.com.au/nation/politics/palau-president-surangel-whipps-jnr-says-were-already-at-war-with-china/news-story/2aca40a9343bc78f8c7d734ec768b03c,https://www.theaustralian.com.au/
"Nepo Kids, social media ban fan anti-government flames in Nepal",https://www.theaustralian.com.au/world/nepo-kids-social-media-ban-fan-antigovernment-flames-in-nepal/news-story/7f2450a7594f4edd6076d5833cbc50b8,https://www.theaustralian.com.au/
Jakarta opens door to bill on key protest demand,https://www.theaustralian.com.au/world/indonesian-parliament-opens-door-to-bill-on-key-protest-demand/news-story/64b00644de94d75ec0316f7bb5237b2d,https://www.theaustralian.com.au/
‘Inevitable’ Tuvalu will switch from Taiwan to China,https://www.theaustralian.com.au/nation/inevitable-tuvalu-will-switch-from-taiwan-to-china-says-former-pm/news-story/86191fa5788b127c9652fb6f7b877e74,https://www.theaustralian.com.au/
Review: Inside the $1660-a-night hotel with peerless views of the Acropolis,https://www.theaustralian.com.au/travel/hotel-review-inside-the-hotel-grande-bretagne-athens-1660anight-luxury-rooms/news-story/4a2cc4a6e36c2ea0f3b143bbf4ed297e,https://www.theaustralian.com.au/
How art and architecture revived an abandoned island in Japan,https://www.theaustralian.com.au/travel/how-art-and-architecture-revived-an-abandoned-island-in-japan/news-story/107c89099e82c32a0344aaced36c1e56,https://www.theaustralian.com.au/
Flower trail: This French town is the epicentre of perfume,https://www.theaustralian.com.au/travel/grasse-a-french-perfume-town-in-bloom/news-story/447b6278bf92661b95c8d89f63e9b749,https://www.theaustralian.com.au/
‘I will never take a short-haul flight in France again’,https://www.theaustralian.com.au/travel/what-its-like-to-travel-from-nice-to-paris-on-french-national-railways-business-premiere-class/news-story/29b88c99ad066241e9ca0922dfcdb67b,https://www.theaustralian.com.au/
What happened after the author of Eat Pray Love became a millionaire megastar,https://www.theaustralian.com.au/arts/eat-pray-live-die/news-story/7439cb784cd458bbb98f59a71a18fb3c,https://www.theaustralian.com.au/
Eliza Gosse is an artist to watch at this year’s Sydney Contemporary,https://www.theaustralian.com.au/life/wish/eliza-gosse-is-an-artist-to-watch-at-this-years-sydney-contemporary/news-story/a0c2d7af84398efe714027e662a67d9e,https://www.theaustralian.com.au/
Taking flight: Why Tiffany CEO is betting big on Schlumberger,https://www.theaustralian.com.au/life/taking-flight-why-tiffany-ceo-is-betting-big-on-schlumberger/news-story/9eb9b2bc53ba377d0811bdd281fef4b2,https://www.theaustralian.com.au/
The Secret of Secrets: Dan Brown is in love,https://www.theaustralian.com.au/arts/review/mystery-and-clues-the-author-of-the-da-vinci-code-returns/news-story/7632b535450054be8831ff0c3316bdd4,https://www.theaustralian.com.au/
The unmanned ‘ghost shark’ robot subs that will boost our defences,https://www.theaustralian.com.au/weekend-australian-magazine/the-unmanned-ghost-shark-ai-submarines-to-counter-rising-defence-threats/news-story/6ab4e19e15477f880f6fd0f9c90c2149,https://www.theaustralian.com.au/
Why you should ditch the bungalow for a real South Pacific adventure,https://www.theaustralian.com.au/weekend-australian-magazine/inside-bora-boras-secret-valleys-a-locals-guide-to-paradise/news-story/229312d51bc484204cda4930a85ddf98,https://www.theaustralian.com.au/
Bubbles and ‘pinch me’ locations: the champagne sandbar is open,https://www.theaustralian.com.au/life/le-picnic-cest-chic-inside-clicquots-newest-experience/news-story/fe6d170e05d55ac15a60f8cce443a29a,https://www.theaustralian.com.au/
Don’t like brussels sprouts? This salad will change your mind,https://www.theaustralian.com.au/weekend-australian-magazine/is-this-best-way-to-eat-brussels-sprouts-quite-possibly-yes/news-story/2eda1a1a1cc11e56294cba11723a8040,https://www.theaustralian.com.au/
Chanel cruises into Lake Como with a collection that highlights its deep Italian connection,https://www.theaustralian.com.au/life/wish/chanels-lake-como-signals-its-new-collection-has-a-deep-italian-connection/news-story/f5a932637eb62cecb2a5494e82ace367,https://www.theaustralian.com.au/
"Lleyton Hewitt suspended, fined for pushing doping official",https://www.theaustralian.com.au/sport/lleyton-hewitt-is-given-twoweek-suspension-fine-for-pushing-doping-official/news-story/a087d90a84e73bff6a5b24e24d17c1cd,https://www.theaustralian.com.au/
Players’ crucial win in $1bn court battle against AFL,https://www.theaustralian.com.au/sport/afl/players-win-1bn-crucial-court-battle-against-afl/news-story/656e109fbf9d609c282b1ceac1b2cced,https://www.theaustralian.com.au/
O’Connor snubbed: Wallabies make shock changes,https://www.theaustralian.com.au/sport/rugby-union/james-oconnor-snubbed-again-as-wallabies-opt-for-tane-edmed-as-playmaker-against-argentina/news-story/d8d9beb04c3d7337d883e4cff3f44f08,https://www.theaustralian.com.au/
$1.4m deal sends Big Bash warning,https://www.theaustralian.com.au/breaking-news/south-african-star-donald-brevis-pockets-14-t20-deal-swarfing-big-bash-salaries/news-story/1f811166015a027711efce8156024a71,https://www.theaustralian.com.au/
Lions’ 2024 heartbreak story firms for shock finals recall,https://www.theaustralian.com.au/sport/afl/afl-finals-week-2-teams-lions-set-to-recall-ruckman-oscar-mcinerney/news-story/eb22b64f6b4be82cf355b5cf8eb8de40,https://www.theaustralian.com.au/
Victorian clubs plot move for key Crow in trade period swoop,https://www.theaustralian.com.au/sport/afl/crow-jordon-butts-in-sights-of-western-bulldogs-and-north-melbourne/news-story/1088e82899cb5eb6eabd03498294ee51,https://www.theaustralian.com.au/
The AI frontier: why Search AI is the next big advantage,https://www.theaustralian.com.au/partner-content/editorial/the-ai-frontier-why-search-ai-is-the-next-big-advantage/news-story/0cd90fb6ff25db3c69c20af9cc3e067a,https://www.theaustralian.com.au/
Smarter strategies to tackle tech’s biggest questions,https://www.theaustralian.com.au/partner-content/editorial/smarter-strategies-to-tackle-techs-biggest-questions/news-story/c96e6f8151399513254930ad4a21c340,https://www.theaustralian.com.au/
Daily Cartoon,https://www.theaustralian.com.au/news/daily-cartoon/image-gallery/2403b703a84c4deb3bbc4247796b447f,https://www.theaustralian.com.au/
Sudoku,https://www.theaustralian.com.au/mind-games/sudoku-homepage.html,https://www.theaustralian.com.au/
Quick crossword,https://www.theaustralian.com.au/mind-games/quick-crossword-homepage.html,https://www.theaustralian.com.au/
Daily quiz,https://www.theaustralian.com.au/mind-games/daily-quiz-homepage.html,https://www.theaustralian.com.au/
Circuit breaker,https://www.theaustralian.com.au/mind-games/circuit-breaker-homepage.html,https://www.theaustralian.com.au/
Head Coach,https://www.theaustralian.com.au/mind-games/head-coach-homepage.html,https://www.theaustralian.com.au/
History lessons for Europe as France staggers on,https://www.theaustralian.com.au/world/the-times/history-lessons-for-europe-as-france-staggers-on/news-story/6129ee0fcf44aa428117fad4e3dba7e3,https://www.theaustralian.com.au/
Merger plan: Clare’s new education body offers a real chance for reform,https://www.theaustralian.com.au/commentary/merger-plan-clares-new-education-body-offers-a-real-chance-for-reform/news-story/79b69068578596942ddf706119b70a08,https://www.theaustralian.com.au/
Trump’s religious revival a strategy Australia could never emulate,https://www.theaustralian.com.au/world/trumps-religious-crusade-is-a-stark-contrast-to-australias-fading-faith/news-story/d21a761b016834e4c1d777c97783970d,https://www.theaustralian.com.au/
The offbeat travel picks to lure Aussies away from Bali,https://www.theaustralian.com.au/business/aviation/are-these-the-worlds-most-overlooked-destinations-intrepid-travel-thinks-so/news-story/8e0f941e0b7be18428816cb4b9ca23d2,https://www.theaustralian.com.au/
Suspected fuel leak prompts flight mayday,https://www.theaustralian.com.au/business/aviation/fuel-leak-prompts-british-airways-mayday-shortly-after-takeoff-from-sydney-airport/news-story/d3fc89e5953d4e22711a21e0bb91377b,https://www.theaustralian.com.au/
Qantas quietly hikes Classic Plus points threshold,https://www.theaustralian.com.au/business/aviation/qantas-increases-degree-of-difficulty-for-frequent-flyer-members-seeking-free-seats/news-story/969c98a6f6b92ce2a596570fb5a45058,https://www.theaustralian.com.au/
Best of times: a happy tale of two states’ AI school successes,https://www.theaustralian.com.au/education/governments-slice-red-tape-for-stressed-teachers/news-story/da19ac9123c8dce0b4eeed508cde7845,https://www.theaustralian.com.au/
Second chance for rare frogs but climate change triggers wider extinction fears,https://www.theaustralian.com.au/education/second-chance-for-rare-frogs-but-climate-change-triggers-extinction-threat-for-many-species/news-story/fe207b2778328c694613d860aef5a5fd,https://www.theaustralian.com.au/
Dairy as eco-friendly packaging,https://www.theaustralian.com.au/higher-education/researchers-reveal-milkbased-solution-to-plastic-waste-crisis/news-story/735c4bf7c00dc44968128f947601f59a,https://www.theaustralian.com.au/
"Bingle, Baz and Bob: How Australia sells itself to the world",https://www.theaustralian.com.au/business/growth-agenda/bingle-baz-and-bob-how-australia-sells-itself-to-the-world/news-story/d49d034437fa9480cf544491fb723705,https://www.theaustralian.com.au/
True Loyalty Is Irrational Belonging,https://www.theaustralian.com.au/business/growth-agenda/true-loyalty-is-irrational-belonging/news-story/8395d4825b544129a0c4778169adc362,https://www.theaustralian.com.au/
Stokes hit with $13m bill over BRS’s failed defamation case against Nine,https://www.theaustralian.com.au/business/media/kerry-stokes-hit-with-13m-bill-for-ben-robertssmith-case/news-story/a934e38a87e5132dbd18841b3385b00e,https://www.theaustralian.com.au/
Peak millennial: the rapid population shift set to test us,https://www.theaustralian.com.au/business/property/australias-population-shift-and-the-generations-set-to-transform-our-housing-needs/news-story/34478bac580ceb066c7654727615b121,https://www.theaustralian.com.au/
Oscars Group buys $30m boutique Barangaroo site,https://www.theaustralian.com.au/business/property/commercial/lendlease-sells-barangaroo-office-block-to-oscars-group-for-30m/news-story/0c2218adf3a8207014bc8ba56b52b53d,https://www.theaustralian.com.au/
Central Market’s new centrepiece tower set to sell in mega $200m+ deal,https://www.theaustralian.com.au/business/property/market-squares-200m-office-tower-hits-the-market/news-story/0d35db215d727ecb8733a4d3b0ae792c,https://www.theaustralian.com.au/
Hit Big Tech with regulation book: Telstra boss,https://www.theaustralian.com.au/nation/telstras-vicki-brady-wants-big-tech-regulation-equality/news-story/07936198099fb677390fe79bbd5338d8,https://www.theaustralian.com.au/
Apple’s top 10 highlights from iPhone 17 big reveal,https://www.theaustralian.com.au/business/technology/satellite-messaging-enhanced-health-features-and-better-cameras-apples-top-10-highlights-from-big-reveal/news-story/c17ae38d1caba1673db1749631e39a13,https://www.theaustralian.com.au/
"Is it worth upgrading to Apple’s ‘slimmest’ iPhone 17, AirPods?",https://www.theaustralian.com.au/business/technology/apple-unveils-iphone-17-lineup-including-new-air-model-and-better-cameras/news-story/824691f023fe13aaccd6883156780aae,https://www.theaustralian.com.au/
Christmas Island losing the battle with cats,https://www.theaustralian.com.au/nation/christmas-island-was-going-to-be-catfree-six-years-ago-instead-their-numbers-have-surged/news-story/e6268e905d146839fb78ddef28db11ab,https://www.theaustralian.com.au/
"Seas are rising, but not as fast as feared: study",https://www.theaustralian.com.au/world/the-times/seas-are-rising-yet-not-as-fast-as-the-un-feared-study-finds/news-story/4be05d61f1e786959ca2267543aed5c4,https://www.theaustralian.com.au/
Musical chairs as education deans swap,https://www.theaustralian.com.au/higher-education/university-poaches-research-refugees-fleeing-donald-trumps-crackdown/news-story/58e647fb2ca6ad17db823ef0046a20c0,https://www.theaustralian.com.au/
Man of God creates heavenly reds,https://www.theaustralian.com.au/life/food-drink/heavenly-reds-with-a-lighter-touch-from-sevenhill-tarrawarra-claymore-and-willow-bridge/news-story/3b553a6aaebefdbf9f6fc8ea7ac3d573,https://www.theaustralian.com.au/
This colourful salad doubles as lunch or dinner,https://www.theaustralian.com.au/weekend-australian-magazine/eggs-tomatoes-eggplants-and-plenty-more-make-this-salad-sing/news-story/69ee966dbbb66e039924dd0a11890ec8,https://www.theaustralian.com.au/
Curtis Stone and Lindsay Price’s travel guide to Italy,https://www.theaustralian.com.au/life/wish/australian-chef-curtis-stone-and-american-actor-lindsay-price-share-their-ligurian-family-escape/news-story/383400f707b370acbe041edaece140f0,https://www.theaustralian.com.au/
